<?xml version="1.0"?>
<pagescount>
	<html_total>148</html_total>
	<html_done>148</html_done>
	<images>257</images>
	<script>31</script>
	<css>15</css>
	<pdf/>
	<documents/>
	<excel/>
	<powerpoint/>
	<flash/>
	<audios/>
	<videos/>
	<xml/>
	<json/>
	<txt/>
	<autocad/>
	<fonts/>
	<scraping_reload>1</scraping_reload>
	<is_pretty_url>true</is_pretty_url>
	<is_ebn>false</is_ebn>
	<email>mangetsgrounded18@gmail.com</email>
	<theme_name>WmdTheme192641</theme_name>
	<server_url_front_page>https://www.waybackmachinedownloader.com/scraping/files/demo/chevrolet.com_mangetsgrounded18_gmail.com_1ty6pviix9/</server_url_front_page>
	<no_www_url>chevrolet.com</no_www_url>
	<hosted_domain/>
	<original_archive_url>https://web.archive.org/web/20120314213136/http://www.chevrolet.com/</original_archive_url>
	<final_archive_url>https://web.archive.org/web/20120314213136/http://www.chevrolet.com/</final_archive_url>
	<front_page_code_date>20120314213136</front_page_code_date>
	<total_urls_from_api/>
	<max_reached_live>false</max_reached_live>
	<scrape_other_captures>false</scrape_other_captures>
	<total_size>14816</total_size>
</pagescount>
